Country;Currency
AFGHANISTAN;AFN
ALBANIA;ALL
ALGERIA;DZD
AMERICAN SAMOA;USD
ANDORRA;EUR
ANGOLA;AOA
ANGUILLA;XCD
ANTIGUA AND BARBUDA;XCD
ARGENTINA;ARS
ARMENIA;AMD
ARUBA;AWG
AUSTRALIA;AUD
AUSTRIA;EUR
AZERBAIJAN;AZN
BAHAMAS (THE);BSD
BAHRAIN;BHD
BANGLADESH;BDT
BARBADOS;BBD
BELARUS;BYN
BELGIUM;EUR
BELIZE;BZD
BENIN;XOF
BERMUDA;BMD
BHUTAN;INR
BHUTAN;BTN
BOLIVIA (PLURINATIONAL STATE OF);BOB
BOLIVIA (PLURINATIONAL STATE OF);BOV
BONAIRE - SINT EUSTATIUS AND SABA;USD
BOSNIA AND HERZEGOVINA;BAM
BOTSWANA;BWP
BOUVET ISLAND;NOK
BRAZIL;BRL
BRITISH INDIAN OCEAN TERRITORY (THE);USD
BRUNEI DARUSSALAM;BND
BULGARIA;BGN
BURKINA FASO;XOF
BURUNDI;BIF
CABO VERDE;CVE
CAMBODIA;KHR
CAMEROON;XAF
CANADA;CAD
CAYMAN ISLANDS (THE);KYD
CENTRAL AFRICAN REPUBLIC (THE);XAF
CHAD;XAF
CHILE;CLP
CHILE;CLF
CHINA;CNY
CHRISTMAS ISLAND;AUD
COCOS (KEELING) ISLANDS (THE);AUD
COLOMBIA;COP
COLOMBIA;COU
COMOROS (THE);KMF
CONGO (THE DEMOCRATIC REPUBLIC OF THE);CDF
CONGO (THE);XAF
COOK ISLANDS (THE);NZD
COSTA RICA;CRC
CROATIA;EUR
CUBA;CUP
CURAÇAO;XCG
CYPRUS;EUR
CZECHIA;CZK
CÔTE D'IVOIRE;XOF
DENMARK;DKK
DJIBOUTI;DJF
DOMINICA;XCD
DOMINICAN REPUBLIC (THE);DOP
ECUADOR;USD
EGYPT;EGP
EL SALVADOR;SVC
EL SALVADOR;USD
EQUATORIAL GUINEA;XAF
ERITREA;ERN
ESTONIA;EUR
ESWATINI;SZL
ETHIOPIA;ETB
EUROPEAN UNION;EUR
FALKLAND ISLANDS (THE) [MALVINAS];FKP
FAROE ISLANDS (THE);DKK
FIJI;FJD
FINLAND;EUR
FRANCE;EUR
FRENCH GUIANA;EUR
FRENCH POLYNESIA;XPF
FRENCH SOUTHERN TERRITORIES (THE);EUR
GABON;XAF
GAMBIA (THE);GMD
GEORGIA;GEL
GERMANY;EUR
GHANA;GHS
GIBRALTAR;GIP
GREECE;EUR
GREENLAND;DKK
GRENADA;XCD
GUADELOUPE;EUR
GUAM;USD
GUATEMALA;GTQ
GUERNSEY;GBP
GUINEA;GNF
GUINEA-BISSAU;XOF
GUYANA;GYD
HAITI;HTG
HAITI;USD
HEARD ISLAND AND McDONALD ISLANDS;AUD
HOLY SEE (THE);EUR
HONDURAS;HNL
HONG KONG;HKD
HUNGARY;HUF
ICELAND;ISK
INDIA;INR
INDONESIA;IDR
INTERNATIONAL MONETARY FUND (IMF);XDR
IRAN (ISLAMIC REPUBLIC OF);IRR
IRAQ;IQD
IRELAND;EUR
ISLE OF MAN;GBP
ISRAEL;ILS
ITALY;EUR
JAMAICA;JMD
JAPAN;JPY
JERSEY;GBP
JORDAN;JOD
KAZAKHSTAN;KZT
KENYA;KES
KIRIBATI;AUD
KOREA (THE DEMOCRATIC PEOPLE'S REPUBLIC OF);KPW
KOREA (THE REPUBLIC OF);KRW
KUWAIT;KWD
KYRGYZSTAN;KGS
LAO PEOPLE'S DEMOCRATIC REPUBLIC (THE);LAK
LATVIA;EUR
LEBANON;LBP
LESOTHO;LSL
LESOTHO;ZAR
LIBERIA;LRD
LIBYA;LYD
LIECHTENSTEIN;CHF
LITHUANIA;EUR
LUXEMBOURG;EUR
MACAO;MOP
MADAGASCAR;MGA
MALAWI;MWK
MALAYSIA;MYR
MALDIVES;MVR
MALI;XOF
MALTA;EUR
MARSHALL ISLANDS (THE);USD
MARTINIQUE;EUR
MAURITANIA;MRU
MAURITIUS;MUR
MAYOTTE;EUR
MEMBER COUNTRIES OF THE AFRICAN DEVELOPMENT BANK GROUP;XUA
MEXICO;MXN
MEXICO;MXV
MICRONESIA (FEDERATED STATES OF);USD
MOLDOVA (THE REPUBLIC OF);MDL
MONACO;EUR
MONGOLIA;MNT
MONTENEGRO;EUR
MONTSERRAT;XCD
MOROCCO;MAD
MOZAMBIQUE;MZN
MYANMAR;MMK
NAMIBIA;NAD
NAMIBIA;ZAR
NAURU;AUD
NEPAL;NPR
NETHERLANDS (THE);EUR
NEW CALEDONIA;XPF
NEW ZEALAND;NZD
NICARAGUA;NIO
NIGER (THE);XOF
NIGERIA;NGN
NIUE;NZD
NORFOLK ISLAND;AUD
NORTH MACEDONIA;MKD
NORTHERN MARIANA ISLANDS (THE);USD
NORWAY;NOK
�LAND ISLANDS;EUR
OMAN;OMR
PAKISTAN;PKR
PALAU;USD
PALESTINE - STATE OF;---
PANAMA;PAB
PANAMA;USD
PAPUA NEW GUINEA;PGK
PARAGUAY;PYG
PERU;PEN
PHILIPPINES (THE);PHP
PITCAIRN;NZD
POLAND;PLN
PORTUGAL;EUR
PUERTO RICO;USD
QATAR;QAR
ROMANIA;RON
RUSSIAN FEDERATION (THE);RUB
RWANDA;RWF
RÉUNION;EUR
SAINT BARTHÉLEMY;EUR
SAINT HELENA - ASCENSION AND TRISTAN DA CUNHA;SHP
SAINT KITTS AND NEVIS;XCD
SAINT LUCIA;XCD
SAINT MARTIN (FRENCH PART);EUR
SAINT PIERRE AND MIQUELON;EUR
SAINT VINCENT AND THE GRENADINES;XCD
SAMOA;WST
SAN MARINO;EUR
SAO TOME AND PRINCIPE;STN
SAUDI ARABIA;SAR
SENEGAL;XOF
SERBIA;RSD
SEYCHELLES;SCR
SIERRA LEONE;SLE
SINGAPORE;SGD
SINT MAARTEN (DUTCH PART);XCG
"SISTEMA UNITARIO DE COMPENSACION REGIONAL DE PAGOS ""SUCRE""";XSU
SLOVAKIA;EUR
SLOVENIA;EUR
SOLOMON ISLANDS;SBD
SOMALIA;SOS
SOUTH AFRICA;ZAR
SOUTH GEORGIA AND THE SOUTH SANDWICH ISLANDS;---
SOUTH SUDAN;SSP
SPAIN;EUR
SRI LANKA;LKR
SUDAN (THE);SDG
SURINAME;SRD
SVALBARD AND JAN MAYEN;NOK
SWEDEN;SEK
SWITZERLAND;CHF
SWITZERLAND;CHE
SWITZERLAND;CHW
SYRIAN ARAB REPUBLIC;SYP
TAIWAN (PROVINCE OF CHINA);TWD
TAJIKISTAN;TJS
TANZANIA - UNITED REPUBLIC OF;TZS
THAILAND;THB
TIMOR-LESTE;USD
TOGO;XOF
TOKELAU;NZD
TONGA;TOP
TRINIDAD AND TOBAGO;TTD
TUNISIA;TND
TURKMENISTAN;TMT
TURKS AND CAICOS ISLANDS (THE);USD
TUVALU;AUD
TÜRKİYE;TRY
UGANDA;UGX
UKRAINE;UAH
UNITED ARAB EMIRATES (THE);AED
UNITED KINGDOM OF GREAT BRITAIN AND NORTHERN IRELAND (THE);GBP
UNITED STATES MINOR OUTLYING ISLANDS (THE);USD
UNITED STATES OF AMERICA (THE);USD
UNITED STATES OF AMERICA (THE);USN
URUGUAY;UYU
URUGUAY;UYI
URUGUAY;UYW
UZBEKISTAN;UZS
VANUATU;VUV
VENEZUELA (BOLIVARIAN REPUBLIC OF);VED
VIET NAM;VND
VIRGIN ISLANDS (BRITISH);USD
VIRGIN ISLANDS (U.S.);USD
WALLIS AND FUTUNA;XPF
WESTERN SAHARA;MAD
YEMEN;YER
ZAMBIA;ZMW
ZIMBABWE;ZWG